id;name;type_target;classification_id;classname;subclassname;valid_since;valid_until;point;line;polygon
19;"S Tiergarten";1;396;"public_transport";"stop_position";"2015-12-22";"2017-07-10";"{""type"":""Point"",""coordinates"":[13.3364598,52.5142085]}";"";""
20;"S Tiergarten";1;542;"railway";"station";"2015-12-22";"2017-07-10";"{""type"":""Point"",""coordinates"":[13.3364598,52.5142085]}";"";""
65;"Jakob-Kaiser-Platz";1;589;"highway";"motorway_junction";"2017-01-01";"2017-07-10";"{""type"":""Point"",""coordinates"":[13.2906741,52.533132]}";"";""
112;"S Pichelsberg";1;542;"railway";"station";"2016-03-04";"2017-07-10";"{""type"":""Point"",""coordinates"":[13.2275633,52.5102387]}";"";""
136;"S Schöneberg";1;583;"highway";"bus_stop";"2016-03-11";"2017-07-10";"{""type"":""Point"",""coordinates"":[13.3529104,52.4797246]}";"";""
137;"S Schöneberg";1;396;"public_transport";"stop_position";"2016-03-11";"2017-07-10";"{""type"":""Point"",""coordinates"":[13.3529104,52.4797246]}";"";""
201;"Dreieck Funkturm";1;589;"highway";"motorway_junction";"2016-12-12";"2017-07-10";"{""type"":""Point"",""coordinates"":[13.2806327,52.4998145]}";"";""
227;"Güterbahnhof Ruhleben";1;396;"public_transport";"stop_position";"2016-01-24";"2017-07-10";"{""type"":""Point"",""coordinates"":[13.2203799,52.528359]}";"";""
313;"Heinrichplatz";1;596;"highway";"traffic_signals";"2015-11-13";"2017-07-10";"{""type"":""Point"",""coordinates"":[13.4230709,52.5002346]}";"";""
346;"U Viktoria-Luise-Platz";1;542;"railway";"station";"2016-10-10";"2017-07-10";"{""type"":""Point"",""coordinates"":[13.3430829,52.4961527]}";"";""
358;"Abschnitt 33";1;242;"amenity";"police";"2014-10-06";"2017-07-10";"{""type"":""Point"",""coordinates"":[13.3536389,52.5336632]}";"";""
364;"U Heidelberger Platz";1;542;"railway";"station";"2016-11-14";"2017-07-10";"{""type"":""Point"",""coordinates"":[13.3126679,52.4795995]}";"";""
381;"S Karlshorst";1;396;"public_transport";"stop_position";"2016-10-16";"2017-07-10";"{""type"":""Point"",""coordinates"":[13.526581,52.4808666]}";"";""
382;"S Karlshorst";1;527;"railway";"undefined";"2016-10-16";"2017-07-10";"{""type"":""Point"",""coordinates"":[13.526581,52.4808666]}";"";""
403;"Buckower Ring";1;583;"highway";"bus_stop";"2015-12-23";"2017-07-10";"{""type"":""Point"",""coordinates"":[13.5655065,52.5255432]}";"";""
404;"Buckower Ring";1;396;"public_transport";"stop_position";"2015-12-23";"2017-07-10";"{""type"":""Point"",""coordinates"":[13.5655065,52.5255432]}";"";""
414;"Jan-Petersen-Straße";1;396;"public_transport";"stop_position";"2015-09-29";"2017-07-10";"{""type"":""Point"",""coordinates"":[13.5615496,52.5473777]}";"";""
502;"S Yorckstraße";1;396;"public_transport";"stop_position";"2015-12-19";"2017-07-10";"{""type"":""Point"",""coordinates"":[13.3720151,52.4914726]}";"";""
503;"S Yorckstraße";1;527;"railway";"undefined";"2015-12-19";"2017-07-10";"{""type"":""Point"",""coordinates"":[13.3720151,52.4914726]}";"";""
506;"S Oranienburger Straße";1;396;"public_transport";"stop_position";"2016-02-20";"2017-07-10";"{""type"":""Point"",""coordinates"":[13.3929072,52.5251727]}";"";""
507;"S Oranienburger Straße";1;527;"railway";"undefined";"2016-02-20";"2017-07-10";"{""type"":""Point"",""coordinates"":[13.3929072,52.5251727]}";"";""
686;"S Karlshorst/Wandlitzstraße";1;396;"public_transport";"stop_position";"2015-12-26";"2017-07-10";"{""type"":""Point"",""coordinates"":[13.5250814,52.4800533]}";"";""
687;"S Karlshorst/Wandlitzstraße";1;543;"railway";"tram_stop";"2015-12-26";"2017-07-10";"{""type"":""Point"",""coordinates"":[13.5250814,52.4800533]}";"";""
703;"U Ullsteinstraße";1;396;"public_transport";"stop_position";"2016-01-15";"2017-07-10";"{""type"":""Point"",""coordinates"":[13.3843233,52.4537104]}";"";""
711;"U Richard-Wagner-Platz";1;542;"railway";"station";"2016-08-05";"2017-07-10";"{""type"":""Point"",""coordinates"":[13.306588,52.517387]}";"";""
736;"Straße 603";1;583;"highway";"bus_stop";"2016-05-31";"2017-07-10";"{""type"":""Point"",""coordinates"":[13.1510156,52.5442235]}";"";""
737;"Straße 603";1;396;"public_transport";"stop_position";"2016-05-31";"2017-07-10";"{""type"":""Point"",""coordinates"":[13.1510156,52.5442235]}";"";""
759;"Lindengarten";1;169;"amenity";"restaurant";"2015-07-17";"2017-07-10";"{""type"":""Point"",""coordinates"":[13.350191,52.5394261]}";"";""
776;"U Paulsternstraße";1;542;"railway";"station";"2016-07-04";"2017-07-10";"{""type"":""Point"",""coordinates"":[13.2478072,52.5380134]}";"";""
782;"Rhinstraße/Gärtnerstraße";1;396;"public_transport";"stop_position";"2015-12-27";"2017-07-10";"{""type"":""Point"",""coordinates"":[13.5098241,52.5457177]}";"";""
783;"Rhinstraße/Gärtnerstraße";1;543;"railway";"tram_stop";"2015-12-27";"2017-07-10";"{""type"":""Point"",""coordinates"":[13.5098241,52.5457177]}";"";""
835;"Sprint";1;189;"amenity";"fuel";"2014-08-06";"2017-07-10";"{""type"":""Point"",""coordinates"":[13.3133258,52.4794844]}";"";""
854;"Starbucks Coffee";1;163;"amenity";"cafe";"2014-12-20";"2017-07-10";"{""type"":""Point"",""coordinates"":[13.3887381,52.5194029]}";"";""
871;"Berliner Mauerweg";1;347;"tourism";"information";"2014-04-24";"2017-07-10";"{""type"":""Point"",""coordinates"":[13.3469944,52.6263779]}";"";""
985;"Starbucks";1;163;"amenity";"cafe";"2015-12-14";"2017-07-10";"{""type"":""Point"",""coordinates"":[13.3900182,52.5110724]}";"";""
992;"Commerzbank";1;159;"amenity";"undefined";"2013-08-01";"2017-07-10";"{""type"":""Point"",""coordinates"":[13.3900196,52.5113556]}";"";""
996;"Las Olas";1;169;"amenity";"restaurant";"2014-11-29";"2017-07-10";"{""type"":""Point"",""coordinates"":[13.4120423,52.5242638]}";"";""
1014;"Australische Botschaft";1;232;"amenity";"embassy";"2016-01-02";"2017-07-10";"{""type"":""Point"",""coordinates"":[13.4093648,52.5122655]}";"";""
1030;"Kienhorststraße";1;583;"highway";"bus_stop";"2016-02-01";"2017-07-10";"{""type"":""Point"",""coordinates"":[13.313109,52.5750263]}";"";""
1040;"Altglienicker Brücke";1;396;"public_transport";"stop_position";"2016-01-02";"2017-07-10";"{""type"":""Point"",""coordinates"":[13.5434826,52.4243267]}";"";""
1125;"Chris-Gueffroy-Allee";1;396;"public_transport";"stop_position";"2015-11-26";"2017-07-10";"{""type"":""Point"",""coordinates"":[13.4723135,52.4609081]}";"";""
1166;"Gerds Dorfkrug";1;168;"amenity";"pub";"2013-02-23";"2017-07-10";"{""type"":""Point"",""coordinates"":[13.3678085,52.5682636]}";"";""
1237;"Bürgerablage";1;396;"public_transport";"stop_position";"2016-02-05";"2017-07-10";"{""type"":""Point"",""coordinates"":[13.2073708,52.5842422]}";"";""
1249;"Bistro 63";1;165;"amenity";"fast_food";"2016-03-14";"2017-07-10";"{""type"":""Point"",""coordinates"":[13.5441205,52.525691]}";"";""
1330;"Virchow-Klinikum";1;396;"public_transport";"stop_position";"2016-01-03";"2017-07-10";"{""type"":""Point"",""coordinates"":[13.3395775,52.5439128]}";"";""
1331;"Virchow-Klinikum";1;543;"railway";"tram_stop";"2016-01-03";"2017-07-10";"{""type"":""Point"",""coordinates"":[13.3395775,52.5439128]}";"";""
1344;"Fröbelstraße";1;396;"public_transport";"stop_position";"2016-01-04";"2017-07-10";"{""type"":""Point"",""coordinates"":[13.4258608,52.5419292]}";"";""
1345;"Fröbelstraße";1;543;"railway";"tram_stop";"2016-01-04";"2017-07-10";"{""type"":""Point"",""coordinates"":[13.4258608,52.5419292]}";"";""
1393;"Unter den Birken";1;396;"public_transport";"stop_position";"2015-12-13";"2017-07-10";"{""type"":""Point"",""coordinates"":[13.5886074,52.4696309]}";"";""
1394;"Unter den Birken";1;543;"railway";"tram_stop";"2015-12-13";"2017-07-10";"{""type"":""Point"",""coordinates"":[13.5886074,52.4696309]}";"";""
1422;"Ledebourstraße";1;396;"public_transport";"stop_position";"2015-12-16";"2017-07-10";"{""type"":""Point"",""coordinates"":[13.6096169,52.4937607]}";"";""
1423;"Ledebourstraße";1;543;"railway";"tram_stop";"2015-12-16";"2017-07-10";"{""type"":""Point"",""coordinates"":[13.6096169,52.4937607]}";"";""
1426;"Rathenaustraße/Hochschule für Technik und Wirtschaft";1;396;"public_transport";"stop_position";"2015-12-28";"2017-07-10";"{""type"":""Point"",""coordinates"":[13.5258742,52.4587748]}";"";""
1427;"Rathenaustraße/Hochschule für Technik und Wirtschaft";1;543;"railway";"tram_stop";"2015-12-28";"2017-07-10";"{""type"":""Point"",""coordinates"":[13.5258742,52.4587748]}";"";""
1625;"City Toilette";1;254;"amenity";"toilets";"2016-06-29";"2017-07-10";"{""type"":""Point"",""coordinates"":[13.464036,52.4702891]}";"";""
1645;"Poelchau-Oberschule";1;174;"amenity";"school";"2015-12-31";"2017-07-10";"{""type"":""Point"",""coordinates"":[13.2878835,52.5385753]}";"";""
1647;"Stadtteilbibliothek Halemweg";1;172;"amenity";"library";"2015-03-23";"2017-07-10";"{""type"":""Point"",""coordinates"":[13.2888659,52.5379749]}";"";""
1653;"Postbank Finanzcenter";1;244;"amenity";"post_office";"2016-10-26";"2017-07-10";"{""type"":""Point"",""coordinates"":[13.1980106,52.5338083]}";"";""
1679;"Freudstraße";1;396;"public_transport";"stop_position";"2016-02-05";"2017-07-10";"{""type"":""Point"",""coordinates"":[13.1482259,52.554439]}";"";""
1684;"Unvernunft";1;169;"amenity";"restaurant";"2014-05-29";"2017-07-10";"{""type"":""Point"",""coordinates"":[13.2020525,52.5355167]}";"";""
1710;"Rafih";1;169;"amenity";"restaurant";"2010-03-21";"2017-07-10";"{""type"":""Point"",""coordinates"":[13.2578049,52.5082357]}";"";""
1719;"Berg Hohengatow";1;681;"natural";"peak";"2008-04-28";"2017-07-10";"{""type"":""Point"",""coordinates"":[13.1673929,52.4733705]}";"";""
1749;"Schönefeld-Nord";1;589;"highway";"motorway_junction";"2016-12-02";"2017-07-10";"{""type"":""Point"",""coordinates"":[13.5191407,52.3996548]}";"";""
1750;"Charlottenstraße ( 9-21 Uhr )";1;195;"amenity";"taxi";"2013-03-20";"2017-07-10";"{""type"":""Point"",""coordinates"":[13.2023249,52.5371198]}";"";""
1781;"Alt-Schmöckwitz";1;396;"public_transport";"stop_position";"2016-01-02";"2017-07-10";"{""type"":""Point"",""coordinates"":[13.6495792,52.3759221]}";"";""
1875;"Hotel ibis Berlin Mitte";1;346;"tourism";"hotel";"2016-11-14";"2017-07-10";"{""type"":""Point"",""coordinates"":[13.4181101,52.5290575]}";"";""
1919;"Postbank";1;159;"amenity";"undefined";"2014-09-01";"2017-07-10";"{""type"":""Point"",""coordinates"":[13.4223153,52.5352609]}";"";""
1934;"West Apotheke";1;204;"amenity";"pharmacy";"2015-02-04";"2017-07-10";"{""type"":""Point"",""coordinates"":[13.1887329,52.5373662]}";"";""
1955;"Brandenburg-Apotheke";1;204;"amenity";"pharmacy";"2016-04-05";"2017-07-10";"{""type"":""Point"",""coordinates"":[13.3071092,52.4985622]}";"";""
1968;"Geygerstraße";1;396;"public_transport";"stop_position";"2015-11-26";"2017-07-10";"{""type"":""Point"",""coordinates"":[13.4438563,52.4799044]}";"";""
1976;"Alt-Heiligensee";1;183;"amenity";"bus_station";"2016-01-30";"2017-07-10";"{""type"":""Point"",""coordinates"":[13.2119298,52.6065762]}";"";""
1977;"Alt-Heiligensee";1;583;"highway";"bus_stop";"2016-01-30";"2017-07-10";"{""type"":""Point"",""coordinates"":[13.2119298,52.6065762]}";"";""
1995;"Klax Grundschule Langhansstraße";1;174;"amenity";"school";"2015-12-14";"2017-07-10";"{""type"":""Point"",""coordinates"":[13.4307335,52.5553761]}";"";""
2014;"EKG - Detmolder Straße 17";1;171;"amenity";"kindergarten";"2013-03-17";"2017-07-10";"{""type"":""Point"",""coordinates"":[13.3211029,52.4791322]}";"";""
2076;"EKT - Apo-Paule 35 e.V.";1;171;"amenity";"kindergarten";"2015-11-25";"2017-07-10";"{""type"":""Point"",""coordinates"":[13.3508734,52.4883013]}";"";""
2084;"EKT - Berliner Malbüro e.V.";1;171;"amenity";"kindergarten";"2015-02-03";"2017-07-10";"{""type"":""Point"",""coordinates"":[13.3260624,52.4758355]}";"";""
2102;"EKT - Christsterne 42 e.V.";1;171;"amenity";"kindergarten";"2015-12-18";"2017-07-10";"{""type"":""Point"",""coordinates"":[13.2932159,52.5167272]}";"";""
2105;"EKT - Die Lustmäuse e.V.";1;171;"amenity";"kindergarten";"2014-11-02";"2017-07-10";"{""type"":""Point"",""coordinates"":[13.3742344,52.4876781]}";"";""
2111;"EKT - Die Entdecker e.V.";1;171;"amenity";"kindergarten";"2014-07-07";"2017-07-10";"{""type"":""Point"",""coordinates"":[13.3606221,52.5620245]}";"";""
2140;"EKT - Droysen-Mäuse e.V.";1;171;"amenity";"kindergarten";"2011-10-03";"2017-07-10";"{""type"":""Point"",""coordinates"":[13.3022633,52.5010503]}";"";""
2295;"EKT - Kurdistan Kultur- und Hilfeverein e.V.";1;171;"amenity";"kindergarten";"2015-02-27";"2017-07-10";"{""type"":""Point"",""coordinates"":[13.4379177,52.4699402]}";"";""
2304;"EKT - Momo e.V.";1;171;"amenity";"kindergarten";"2016-12-15";"2017-07-10";"{""type"":""Point"",""coordinates"":[13.3356886,52.5221385]}";"";""
2348;"EKT - Nervensägen e.V.";1;171;"amenity";"kindergarten";"2014-09-01";"2017-07-10";"{""type"":""Point"",""coordinates"":[13.3764346,52.488934]}";"";""
2378;"EKT - Pinocchio e.V.";1;171;"amenity";"kindergarten";"2009-09-26";"2017-07-10";"{""type"":""Point"",""coordinates"":[13.3483308,52.5464017]}";"";""
2415;"EKT - Schülerladen Trau Dich e.V.";1;171;"amenity";"kindergarten";"2009-01-01";"2017-07-10";"{""type"":""Point"",""coordinates"":[13.43325,52.50299]}";"";""
2425;"EKT - Spatzennest e.V.";1;171;"amenity";"kindergarten";"2009-02-11";"2017-07-10";"{""type"":""Point"",""coordinates"":[13.3609857,52.4136709]}";"";""
2487;"Heilpäd.Kita d.Mitarb.d.Kinderklinik d.Humboldt-Uni e.V.";1;171;"amenity";"kindergarten";"2015-12-24";"2017-07-10";"{""type"":""Point"",""coordinates"":[13.2488688,52.5175883]}";"";""
2498;"EKT- Die Kappe";1;171;"amenity";"kindergarten";"2014-06-30";"2017-07-10";"{""type"":""Point"",""coordinates"":[13.5149,52.4829171]}";"";""
2509;"Ev. Kita/Kreiskirchenrat d.Kirchenkr. Nkl";1;171;"amenity";"kindergarten";"2013-11-20";"2017-07-10";"{""type"":""Point"",""coordinates"":[13.4414405,52.4725188]}";"";""
2559;"Kita der Ev. Kirchengem. Petri-Luisenstadt";1;171;"amenity";"kindergarten";"2015-02-14";"2017-07-10";"{""type"":""Point"",""coordinates"":[13.4059492,52.5108488]}";"";""
2577;"Kita der Ev. Kirchengem. Johannes";1;171;"amenity";"kindergarten";"2009-01-01";"2017-07-10";"{""type"":""Point"",""coordinates"":[13.29525,52.43559]}";"";""
2585;"Kita der Ev. Kirchengem. Konradshöhe-Tegelort";1;171;"amenity";"kindergarten";"2014-03-04";"2017-07-10";"{""type"":""Point"",""coordinates"":[13.2315355,52.5709893]}";"";""
2644;"Kita des Auswärtigen Amtes";1;171;"amenity";"kindergarten";"2015-05-22";"2017-07-10";"{""type"":""Point"",""coordinates"":[13.3951899,52.5138796]}";"";""
2690;"Kita Traumhaus/Berliner Spatzen e.V.";1;171;"amenity";"kindergarten";"2012-05-26";"2017-07-10";"{""type"":""Point"",""coordinates"":[13.5803479,52.4172204]}";"";""
2713;"Kita/Ev .Luth.Marien-Gem.Berlin-Zehlendorf";1;171;"amenity";"kindergarten";"2012-01-15";"2017-07-10";"{""type"":""Point"",""coordinates"":[13.2614351,52.4407703]}";"";""
2743;"Kita/VAK-Verein z.Betreuung ausländ.u.deutscher Kinder e.V.";1;171;"amenity";"kindergarten";"2015-12-26";"2017-07-10";"{""type"":""Point"",""coordinates"":[13.4254319,52.499723]}";"";""
2756;"MINI-KIDS mit GRIPS Kita e.V.";1;171;"amenity";"kindergarten";"2011-05-06";"2017-07-10";"{""type"":""Point"",""coordinates"":[13.313111,52.6165902]}";"";""
2776;"Schul-Hortgruppe/Hilfe f.d.autistische Kind e.V.";1;171;"amenity";"kindergarten";"2017-01-02";"2017-07-10";"{""type"":""Point"",""coordinates"":[13.3283312,52.4936236]}";"";""
2841;"Städt. Kita Askanierring 154a";1;171;"amenity";"kindergarten";"2009-01-01";"2017-07-10";"{""type"":""Point"",""coordinates"":[13.19385,52.54734]}";"";""
2859;"Tierarztpraxis am Urban";1;171;"amenity";"kindergarten";"2016-10-30";"2017-07-10";"{""type"":""Point"",""coordinates"":[13.4052329,52.4956842]}";"";""
2891;"Städt. Kita Erich-Weinert-Straße 33";1;171;"amenity";"kindergarten";"2009-05-08";"2017-07-10";"{""type"":""Point"",""coordinates"":[13.4192366,52.55117]}";"";""
2929;"Städt. Kita Kleine Auguststraße 10/11";1;171;"amenity";"kindergarten";"2014-04-03";"2017-07-10";"{""type"":""Point"",""coordinates"":[13.3991396,52.5279209]}";"";""
2952;"Städt. Kita Homburger Straße 11";1;171;"amenity";"kindergarten";"2015-07-14";"2017-07-10";"{""type"":""Point"",""coordinates"":[13.3157064,52.4739812]}";"";""
2985;"Städt. Kita Oppelner Straße 21";1;171;"amenity";"kindergarten";"2015-10-04";"2017-07-10";"{""type"":""Point"",""coordinates"":[13.4385285,52.4977101]}";"";""
3005;"Städt. Kita Magistratsweg 69/73";1;171;"amenity";"kindergarten";"2015-12-31";"2017-07-10";"{""type"":""Point"",""coordinates"":[13.1606284,52.5271775]}";"";""
3011;"Städt. Kita Mansfelder Straße 13";1;171;"amenity";"kindergarten";"2009-11-07";"2017-07-10";"{""type"":""Point"",""coordinates"":[13.3122501,52.4884802]}";"";""
3029;"Städt. Kita Schlitzer Straße 97";1;171;"amenity";"kindergarten";"2014-04-12";"2017-07-10";"{""type"":""Point"",""coordinates"":[13.3326239,52.5987103]}";"";""
3108;"Städtische Kita";1;171;"amenity";"kindergarten";"2012-03-28";"2017-07-10";"{""type"":""Point"",""coordinates"":[13.4195949,52.54571]}";"";""
3158;"Volksbank";1;159;"amenity";"undefined";"2012-01-17";"2017-07-10";"{""type"":""Point"",""coordinates"":[13.2407359,52.6180992]}";"";""
3162;"Milchladen";1;165;"amenity";"fast_food";"2015-12-22";"2017-07-10";"{""type"":""Point"",""coordinates"":[13.4165385,52.5017902]}";"";""
3163;"Milchladen";1;49;"shop";"supermarket";"2015-12-22";"2017-07-10";"{""type"":""Point"",""coordinates"":[13.4165385,52.5017902]}";"";""
3185;"Bierbaroness";1;168;"amenity";"pub";"2015-12-26";"2017-07-10";"{""type"":""Point"",""coordinates"":[13.4476878,52.4712171]}";"";""
3208;"Mollstraße/Prenzlauer Allee";1;396;"public_transport";"stop_position";"2016-01-05";"2017-07-10";"{""type"":""Point"",""coordinates"":[13.4148233,52.5264119]}";"";""
3280;"Jafféstraße";1;583;"highway";"bus_stop";"2016-12-23";"2017-07-10";"{""type"":""Point"",""coordinates"":[13.2733884,52.4996474]}";"";""
3321;"Minigolf am Gemeindepark";1;861;"sport";"golf";"2013-12-11";"2017-07-10";"{""type"":""Point"",""coordinates"":[13.3519725,52.4331553]}";"";""
3322;"Minigolf am Gemeindepark";1;616;"leisure";"miniature_golf";"2013-12-11";"2017-07-10";"{""type"":""Point"",""coordinates"":[13.3519725,52.4331553]}";"";""
3379;"Lützowplatz";1;396;"public_transport";"stop_position";"2016-01-09";"2017-07-10";"{""type"":""Point"",""coordinates"":[13.3518007,52.5049617]}";"";""
3423;"Beumer & Luthum";1;163;"amenity";"cafe";"2015-12-22";"2017-07-10";"{""type"":""Point"",""coordinates"":[13.4431806,52.4970634]}";"";""
3424;"Beumer & Luthum";1;24;"shop";"bakery";"2015-12-22";"2017-07-10";"{""type"":""Point"",""coordinates"":[13.4431806,52.4970634]}";"";""
3429;"HEM";1;189;"amenity";"fuel";"2013-02-07";"2017-07-10";"{""type"":""Point"",""coordinates"":[13.6168456,52.5051079]}";"";""
3472;"Lahnstraße/U-Bahnhof Neukölln";1;396;"public_transport";"stop_position";"2015-11-26";"2017-07-10";"{""type"":""Point"",""coordinates"":[13.4420844,52.4672169]}";"";""
3497;"Block der Frauen";1;646;"historic";"memorial";"2015-07-10";"2017-07-10";"{""type"":""Point"",""coordinates"":[13.4050723,52.5210717]}";"";""
3503;"Britische Botschaft";1;232;"amenity";"embassy";"2017-01-02";"2017-07-10";"{""type"":""Point"",""coordinates"":[13.3808133,52.5155641]}";"";""
3515;"Best Sabel Grundschule";1;174;"amenity";"school";"2014-06-14";"2017-07-10";"{""type"":""Point"",""coordinates"":[13.6004336,52.5191714]}";"";""
3555;"Güntzelstraße/Uhlandstraße";1;583;"highway";"bus_stop";"2016-07-03";"2017-07-10";"{""type"":""Point"",""coordinates"":[13.3230265,52.4912607]}";"";""
3585;"Tor 1";1;453;"barrier";"undefined";"2013-12-23";"2017-07-10";"{""type"":""Point"",""coordinates"":[13.6449087,52.5262909]}";"";""
3607;"Kieser Training";1;623;"leisure";"sports_centre";"2015-06-02";"2017-07-10";"{""type"":""Point"",""coordinates"":[13.4693072,52.4338756]}";"";""
3651;"Fliegender Tisch";1;169;"amenity";"restaurant";"2015-12-22";"2017-07-10";"{""type"":""Point"",""coordinates"":[13.4620486,52.5131538]}";"";""
3734;"Spreves";1;47;"shop";"kiosk";"2015-05-05";"2017-07-10";"{""type"":""Point"",""coordinates"":[13.5784714,52.452062]}";"";""
3735;"Spreves";1;189;"amenity";"fuel";"2015-05-05";"2017-07-10";"{""type"":""Point"",""coordinates"":[13.5784714,52.452062]}";"";""
3736;"Penny";1;49;"shop";"supermarket";"2016-05-09";"2017-07-10";"{""type"":""Point"",""coordinates"":[13.5128971,52.4621977]}";"";""
3745;"Rudolf Virchow";1;630;"historic";"undefined";"2013-12-08";"2017-07-10";"{""type"":""Point"",""coordinates"":[13.3681079,52.4893591]}";"";""
3879;"Restaurant Athos";1;169;"amenity";"restaurant";"2015-12-22";"2017-07-10";"{""type"":""Point"",""coordinates"":[13.5013737,52.5130255]}";"";""
3886;"Szimpla";1;169;"amenity";"restaurant";"2016-08-23";"2017-07-10";"{""type"":""Point"",""coordinates"":[13.4612325,52.5111767]}";"";""
3914;"Biesdorfer Parkbühne";1;221;"amenity";"theatre";"2015-12-25";"2017-07-10";"{""type"":""Point"",""coordinates"":[13.5589963,52.5117219]}";"";""
3915;"Café Lutetia";1;163;"amenity";"cafe";"2015-12-31";"2017-07-10";"{""type"":""Point"",""coordinates"":[13.2019954,52.5370841]}";"";""
3951;"Bärliner Apotheke Marzahn";1;204;"amenity";"pharmacy";"2015-02-05";"2017-07-10";"{""type"":""Point"",""coordinates"":[13.5724583,52.5678242]}";"";""
3953;"Post24/7-Station";1;244;"amenity";"post_office";"2014-10-08";"2017-07-10";"{""type"":""Point"",""coordinates"":[13.4554338,52.452897]}";"";""
4070;"tabak & presse";1;47;"shop";"kiosk";"2014-09-23";"2017-07-10";"{""type"":""Point"",""coordinates"":[13.3304755,52.4996777]}";"";""
4097;"Zum Heckeshorn";1;583;"highway";"bus_stop";"2016-02-02";"2017-07-10";"{""type"":""Point"",""coordinates"":[13.1610684,52.4304355]}";"";""
4107;"Jägerklause";1;169;"amenity";"restaurant";"2015-12-25";"2017-07-10";"{""type"":""Point"",""coordinates"":[13.4480647,52.5134101]}";"";""
4111;"Persiusstraße";1;583;"highway";"bus_stop";"2015-12-01";"2017-07-10";"{""type"":""Point"",""coordinates"":[13.4620723,52.500778]}";"";""
4113;"TÜV";1;111;"shop";"car";"2015-12-14";"2017-07-10";"{""type"":""Point"",""coordinates"":[13.3130119,52.5843524]}";"";""
4128;"Nikolai-Kapelle";1;241;"amenity";"place_of_worship";"2016-04-16";"2017-07-10";"{""type"":""Point"",""coordinates"":[13.5908398,52.4312243]}";"";""
4151;"Pharmland Apotheke";1;204;"amenity";"pharmacy";"2014-08-07";"2017-07-10";"{""type"":""Point"",""coordinates"":[13.4969632,52.4996917]}";"";""
4172;"Bistro Nazar";1;165;"amenity";"fast_food";"2016-02-25";"2017-07-10";"{""type"":""Point"",""coordinates"":[13.3852862,52.4844684]}";"";""
4196;"Commerzbank";1;159;"amenity";"undefined";"2014-09-01";"2017-07-10";"{""type"":""Point"",""coordinates"":[13.2971697,52.4429462]}";"";""
4199;"Thürmann";1;24;"shop";"bakery";"2014-09-01";"2017-07-10";"{""type"":""Point"",""coordinates"":[13.2966499,52.4427768]}";"";""
4204;"Recyclinghof Ostpreußendamm";1;247;"amenity";"recycling";"2014-11-16";"2017-07-10";"{""type"":""Point"",""coordinates"":[13.3263275,52.4410133]}";"";""
4253;"Lidl";1;49;"shop";"supermarket";"2010-12-07";"2017-07-10";"{""type"":""Point"",""coordinates"":[13.3618397,52.4173514]}";"";""
4286;"Glückskind Apotheke";1;204;"amenity";"pharmacy";"2015-12-17";"2017-07-10";"{""type"":""Point"",""coordinates"":[13.1424401,52.5249401]}";"";""
4311;"Hellersdorfer Straße/Gülzower Straße";1;583;"highway";"bus_stop";"2016-08-09";"2017-07-10";"{""type"":""Point"",""coordinates"":[13.588956,52.5184022]}";"";""
4312;"Hellersdorfer Straße/Gülzower Straße";1;396;"public_transport";"stop_position";"2016-08-09";"2017-07-10";"{""type"":""Point"",""coordinates"":[13.588956,52.5184022]}";"";""
4376;"Blaumilchkanal";1;168;"amenity";"pub";"2015-12-20";"2017-07-10";"{""type"":""Point"",""coordinates"":[13.4043646,52.5511652]}";"";""
4443;"Steinstücken";1;583;"highway";"bus_stop";"2016-11-06";"2017-07-10";"{""type"":""Point"",""coordinates"":[13.129835,52.38892]}";"";""
4484;"Krankenhaus Hedwigshöhe";1;583;"highway";"bus_stop";"2012-12-01";"2017-07-10";"{""type"":""Point"",""coordinates"":[13.5685472,52.4060519]}";"";""
4485;"Krankenhaus Hedwigshöhe";1;396;"public_transport";"stop_position";"2012-12-01";"2017-07-10";"{""type"":""Point"",""coordinates"":[13.5685472,52.4060519]}";"";""
4488;"City Toilette";1;254;"amenity";"toilets";"2016-04-07";"2017-07-10";"{""type"":""Point"",""coordinates"":[13.272575,52.5891123]}";"";""
4579;"Dahlem Dorf";1;195;"amenity";"taxi";"2013-03-20";"2017-07-10";"{""type"":""Point"",""coordinates"":[13.2904694,52.4576677]}";"";""
4606;"Jugendgästehaus Falkenberg";1;344;"tourism";"guest_house";"2014-08-04";"2017-07-10";"{""type"":""Point"",""coordinates"":[13.5399969,52.5690226]}";"";""
4610;"radlager";1;110;"shop";"bicycle";"2013-01-17";"2017-07-10";"{""type"":""Point"",""coordinates"":[13.4192797,52.4917563]}";"";""
4691;"Shivas Thali";1;169;"amenity";"restaurant";"2015-12-14";"2017-07-10";"{""type"":""Point"",""coordinates"":[13.4499725,52.5223064]}";"";""
4718;"General-Woyna-Straße";1;583;"highway";"bus_stop";"2016-02-01";"2017-07-10";"{""type"":""Point"",""coordinates"":[13.3163351,52.5710132]}";"";""
4778;"Reichelt";1;49;"shop";"supermarket";"2016-05-09";"2017-07-10";"{""type"":""Point"",""coordinates"":[13.4506208,52.5197615]}";"";""
4791;"Ollenhauerstraße/Lindauer Allee";1;583;"highway";"bus_stop";"2016-02-01";"2017-07-10";"{""type"":""Point"",""coordinates"":[13.33281,52.5753473]}";"";""
4823;"U Afrikanische Straße";1;549;"railway";"subway_entrance";"2015-11-25";"2017-07-10";"{""type"":""Point"",""coordinates"":[13.3339238,52.560847]}";"";""
4835;"U Alt Tegel";1;549;"railway";"subway_entrance";"2016-08-24";"2017-07-10";"{""type"":""Point"",""coordinates"":[13.283002,52.5897492]}";"";""
4868;"Alexa Apotheke";1;204;"amenity";"pharmacy";"2015-12-22";"2017-07-10";"{""type"":""Point"",""coordinates"":[13.415529,52.5188308]}";"";""
4873;"Volksbank";1;159;"amenity";"undefined";"2016-08-27";"2017-07-10";"{""type"":""Point"",""coordinates"":[13.4109947,52.5217131]}";"";""
4882;"Mercure Hotel Berlin am Alexanderplatz";1;346;"tourism";"hotel";"2015-12-14";"2017-07-10";"{""type"":""Point"",""coordinates"":[13.4201785,52.5244546]}";"";""
4905;"Alberts";1;169;"amenity";"restaurant";"2013-11-30";"2017-07-10";"{""type"":""Point"",""coordinates"":[13.4236741,52.5202418]}";"";""
4909;"U-Bahnhof Schilling";1;195;"amenity";"taxi";"2015-12-20";"2017-07-10";"{""type"":""Point"",""coordinates"":[13.4233496,52.5203622]}";"";""
4914;"Berliner Volksbank";1;159;"amenity";"undefined";"2013-12-20";"2017-07-10";"{""type"":""Point"",""coordinates"":[13.3276196,52.4278403]}";"";""
4929;"Friedenfelser Straße";1;396;"public_transport";"stop_position";"2015-11-26";"2017-07-10";"{""type"":""Point"",""coordinates"":[13.361801,52.4131453]}";"";""
4941;"Fahrrad Flöckner";1;110;"shop";"bicycle";"2015-12-22";"2017-07-10";"{""type"":""Point"",""coordinates"":[13.4247142,52.5190706]}";"";""
5038;"Paul-Schneider-Straße";1;583;"highway";"bus_stop";"2016-01-16";"2017-07-10";"{""type"":""Point"",""coordinates"":[13.3498806,52.4343889]}";"";""
5103;"Sondershauser Straße";1;396;"public_transport";"stop_position";"2015-11-26";"2017-07-10";"{""type"":""Point"",""coordinates"":[13.3419459,52.4158987]}";"";""
5122;"Saaleckplatz";1;583;"highway";"bus_stop";"2016-02-29";"2017-07-10";"{""type"":""Point"",""coordinates"":[13.324633,52.415868]}";"";""
5137;"S Lichterfelde Süd";1;583;"highway";"bus_stop";"2016-01-19";"2017-07-10";"{""type"":""Point"",""coordinates"":[13.3110704,52.4109373]}";"";""
5156;"Hünefeldzeile";1;583;"highway";"bus_stop";"2016-01-16";"2017-07-10";"{""type"":""Point"",""coordinates"":[13.3569757,52.4485589]}";"";""
5172;"Grenzweg Ost";1;583;"highway";"bus_stop";"2015-11-25";"2017-07-10";"{""type"":""Point"",""coordinates"":[13.3914074,52.394226]}";"";""
5187;"Woltersdorf, Chausseehaus";1;583;"highway";"bus_stop";"2016-02-18";"2017-07-10";"{""type"":""Point"",""coordinates"":[13.7566255,52.444696]}";"";""
5226;"Die süße Ecke";1;24;"shop";"bakery";"2016-01-04";"2017-07-10";"{""type"":""Point"",""coordinates"":[13.4616129,52.5087187]}";"";""
5268;"Seume-Apotheke";1;204;"amenity";"pharmacy";"2016-01-04";"2017-07-10";"{""type"":""Point"",""coordinates"":[13.4612497,52.5088216]}";"";""
5321;"Bio Company";1;49;"shop";"supermarket";"2016-12-06";"2017-07-10";"{""type"":""Point"",""coordinates"":[13.3942017,52.4888756]}";"";""
5328;"Racketprofis";1;121;"shop";"sports";"2014-06-18";"2017-07-10";"{""type"":""Point"",""coordinates"":[13.4064191,52.5538627]}";"";""
5349;"UVR Connected";1;53;"shop";"clothes";"2015-04-11";"2017-07-10";"{""type"":""Point"",""coordinates"":[13.401194,52.529432]}";"";""
5357;"Brechts";1;169;"amenity";"restaurant";"2013-08-07";"2017-07-10";"{""type"":""Point"",""coordinates"":[13.385871,52.521472]}";"";""
5392;"Krass böser Wolf";1;168;"amenity";"pub";"2016-11-11";"2017-07-10";"{""type"":""Point"",""coordinates"":[13.4644854,52.49767]}";"";""
5396;"Lichtblick";1;211;"amenity";"cinema";"2010-10-19";"2017-07-10";"{""type"":""Point"",""coordinates"":[13.4077602,52.5364987]}";"";""
5410;"indoor";1;730;"man_made";"surveillance";"2013-05-20";"2017-07-10";"{""type"":""Point"",""coordinates"":[13.305049,52.5112436]}";"";""
5431;"Bibliothek Erziehungswissenschaft und Psychologie";1;172;"amenity";"library";"2015-12-22";"2017-07-10";"{""type"":""Point"",""coordinates"":[13.2899627,52.4534235]}";"";""
5443;"Irmastraße";1;396;"public_transport";"stop_position";"2015-12-23";"2017-07-10";"{""type"":""Point"",""coordinates"":[13.559278,52.4750812]}";"";""
5450;"U Elsterwerdaer Platz";1;583;"highway";"bus_stop";"2015-12-23";"2017-07-10";"{""type"":""Point"",""coordinates"":[13.5618166,52.5059303]}";"";""
5451;"U Elsterwerdaer Platz";1;396;"public_transport";"stop_position";"2015-12-23";"2017-07-10";"{""type"":""Point"",""coordinates"":[13.5618166,52.5059303]}";"";""
5479;"Polizeidirektion 1 - Abschnitt 15";1;242;"amenity";"police";"2013-06-07";"2017-07-10";"{""type"":""Point"",""coordinates"":[13.4067095,52.5409254]}";"";""
5496;"Mahlsdorfer Straße/Gehsener Straße";1;583;"highway";"bus_stop";"2016-01-02";"2017-07-10";"{""type"":""Point"",""coordinates"":[13.5829599,52.4634566]}";"";""
5497;"Mahlsdorfer Straße/Gehsener Straße";1;396;"public_transport";"stop_position";"2016-01-02";"2017-07-10";"{""type"":""Point"",""coordinates"":[13.5829599,52.4634566]}";"";""
5504;"Deutschhofer Allee";1;583;"highway";"bus_stop";"2016-01-02";"2017-07-10";"{""type"":""Point"",""coordinates"":[13.5695141,52.4802049]}";"";""
5505;"Deutschhofer Allee";1;396;"public_transport";"stop_position";"2016-01-02";"2017-07-10";"{""type"":""Point"",""coordinates"":[13.5695141,52.4802049]}";"";""
5565;"Jobcenter Berlin Mitte";1;369;"office";"employment_agency";"2016-09-27";"2017-07-10";"{""type"":""Point"",""coordinates"":[13.324533,52.5314712]}";"";""
5764;"U-Fehrbelliner Platz";1;549;"railway";"subway_entrance";"2016-01-15";"2017-07-10";"{""type"":""Point"",""coordinates"":[13.3139234,52.4900612]}";"";""
5769;"Bistro";1;169;"amenity";"restaurant";"2015-02-20";"2017-07-10";"{""type"":""Point"",""coordinates"":[13.5652273,52.4710833]}";"";""
5849;"Postbank";1;159;"amenity";"undefined";"2011-10-31";"2017-07-10";"{""type"":""Point"",""coordinates"":[13.3455978,52.5264318]}";"";""
5871;"Queens Pub";1;168;"amenity";"pub";"2014-09-01";"2017-07-10";"{""type"":""Point"",""coordinates"":[13.3483141,52.4821024]}";"";""
5960;"Julius-Leber-Kaserne";1;583;"highway";"bus_stop";"2016-01-30";"2017-07-10";"{""type"":""Point"",""coordinates"":[13.3253499,52.5613443]}";"";""
5968;"Orange";1;32;"shop";"convenience";"2012-04-17";"2017-07-10";"{""type"":""Point"",""coordinates"":[13.4247724,52.4756969]}";"";""
6032;"Heinsestraße";1;583;"highway";"bus_stop";"2016-01-31";"2017-07-10";"{""type"":""Point"",""coordinates"":[13.3029231,52.6200595]}";"";""
6051;"Papa Nô";1;169;"amenity";"restaurant";"2016-07-19";"2017-07-10";"{""type"":""Point"",""coordinates"":[13.4536839,52.5139369]}";"";""
6052;"Kuchenrausch";1;169;"amenity";"restaurant";"2015-12-22";"2017-07-10";"{""type"":""Point"",""coordinates"":[13.4573118,52.5127816]}";"";""
6096;"Bäckerei/Eiscafé";1;24;"shop";"bakery";"2016-10-17";"2017-07-10";"{""type"":""Point"",""coordinates"":[13.4683994,52.4955027]}";"";""
6098;"Bootsvermietung am Schäfersee";1;159;"amenity";"undefined";"2009-03-27";"2017-07-10";"{""type"":""Point"",""coordinates"":[13.3623419,52.5650217]}";"";""
6100;"Berlin Friedrichstraße";1;527;"railway";"undefined";"2015-03-27";"2017-07-10";"{""type"":""Point"",""coordinates"":[13.3870883,52.5201373]}";"";""
6101;"Berlin Friedrichstraße";1;396;"public_transport";"stop_position";"2015-03-27";"2017-07-10";"{""type"":""Point"",""coordinates"":[13.3870883,52.5201373]}";"";""
6197;"Van Hoa";1;165;"amenity";"fast_food";"2015-12-20";"2017-07-10";"{""type"":""Point"",""coordinates"":[13.4147335,52.54769]}";"";""
6214;"Alemannenstraße/Maximiliankorso";1;583;"highway";"bus_stop";"2016-02-09";"2017-07-10";"{""type"":""Point"",""coordinates"":[13.2812447,52.6341421]}";"";""
6236;"ZOB Überwachungskamera";1;730;"man_made";"surveillance";"2013-03-27";"2017-07-10";"{""type"":""Point"",""coordinates"":[13.2804321,52.5078487]}";"";""
6386;"Dorfkirche Groß Glienicke";1;241;"amenity";"place_of_worship";"2009-04-26";"2017-07-10";"{""type"":""Point"",""coordinates"":[13.1079571,52.4690489]}";"";""
6401;"Alimentari";1;169;"amenity";"restaurant";"2012-05-29";"2017-07-10";"{""type"":""Point"",""coordinates"":[13.4020087,52.5339232]}";"";""
6427;"Kinderladen Buana";1;171;"amenity";"kindergarten";"2009-05-31";"2017-07-10";"{""type"":""Point"",""coordinates"":[13.4671987,52.5169034]}";"";""
6446;"U Adenauerplatz";1;583;"highway";"bus_stop";"2016-01-21";"2017-07-10";"{""type"":""Point"",""coordinates"":[13.3070851,52.5004964]}";"";""
6504;"Werner Otto";1;110;"shop";"bicycle";"2015-05-20";"2017-07-10";"{""type"":""Point"",""coordinates"":[13.3970414,52.5798278]}";"";""
6540;"M. Kitowski Schloß- & Schlüsseldienst";1;88;"shop";"hardware";"2009-05-12";"2017-07-10";"{""type"":""Point"",""coordinates"":[13.2722083,52.5349072]}";"";""
6552;"U Seestraße";1;583;"highway";"bus_stop";"2016-01-03";"2017-07-10";"{""type"":""Point"",""coordinates"":[13.353285,52.5498737]}";"";""
6629;"Centenario";1;169;"amenity";"restaurant";"2016-12-19";"2017-07-10";"{""type"":""Point"",""coordinates"":[13.4025984,52.5933981]}";"";""
6632;"Phönix-Apotheke";1;204;"amenity";"pharmacy";"2016-12-06";"2017-07-10";"{""type"":""Point"",""coordinates"":[13.5796106,52.4592672]}";"";""
6635;"Alt-Schmöckwitz";1;583;"highway";"bus_stop";"2015-05-31";"2017-07-10";"{""type"":""Point"",""coordinates"":[13.6493647,52.3753835]}";"";""
6636;"Alt-Schmöckwitz";1;396;"public_transport";"stop_position";"2015-05-31";"2017-07-10";"{""type"":""Point"",""coordinates"":[13.6493647,52.3753835]}";"";""
6660;"Wiener Blut";1;168;"amenity";"pub";"2016-03-26";"2017-07-10";"{""type"":""Point"",""coordinates"":[13.4287544,52.4983018]}";"";""
6670;"Due di Coppe";1;169;"amenity";"restaurant";"2011-10-07";"2017-07-10";"{""type"":""Point"",""coordinates"":[13.4454712,52.4994281]}";"";""
6726;"Wasserturm";1;736;"man_made";"water_tower";"2013-10-13";"2017-07-10";"{""type"":""Point"",""coordinates"":[13.3896483,52.487144]}";"";""
6830;"Goethe Apotheke";1;204;"amenity";"pharmacy";"2015-12-27";"2017-07-10";"{""type"":""Point"",""coordinates"":[13.3067294,52.5090004]}";"";""
6899;"Edeka Nah und Gut";1;49;"shop";"supermarket";"2016-06-07";"2017-07-10";"{""type"":""Point"",""coordinates"":[13.4198607,52.5421108]}";"";""
6901;"Girasol";1;169;"amenity";"restaurant";"2015-09-16";"2017-07-10";"{""type"":""Point"",""coordinates"":[13.4230504,52.541551]}";"";""
6936;"Müller";1;24;"shop";"bakery";"2016-05-11";"2017-07-10";"{""type"":""Point"",""coordinates"":[13.4959619,52.5053679]}";"";""
6937;"Blume 2000";1;83;"shop";"florist";"2011-10-12";"2017-07-10";"{""type"":""Point"",""coordinates"":[13.4259791,52.542914]}";"";""
6940;"Bauhaus Berlin-Schöneberg";1;79;"shop";"doityourself";"2016-10-10";"2017-07-10";"{""type"":""Point"",""coordinates"":[13.3441449,52.5036028]}";"";""
6950;"Riedingerstraße";1;583;"highway";"bus_stop";"2016-01-22";"2017-07-10";"{""type"":""Point"",""coordinates"":[13.400988,52.3872191]}";"";""
6998;"Café Planwirtschaft";1;163;"amenity";"cafe";"2015-12-22";"2017-07-10";"{""type"":""Point"",""coordinates"":[13.3245364,52.5114759]}";"";""
7021;"ZGK";1;168;"amenity";"pub";"2015-12-22";"2017-07-10";"{""type"":""Point"",""coordinates"":[13.4641154,52.5128122]}";"";""
7076;"Fu Duo";1;169;"amenity";"restaurant";"2013-09-18";"2017-07-10";"{""type"":""Point"",""coordinates"":[13.4308377,52.6128827]}";"";""
7111;"Ziegenhals";1;615;"leisure";"marina";"2009-08-31";"2017-07-10";"{""type"":""Point"",""coordinates"":[13.6578982,52.3472011]}";"";""
7162;"Aldi";1;49;"shop";"supermarket";"2016-05-07";"2017-07-10";"{""type"":""Point"",""coordinates"":[13.3268069,52.5388937]}";"";""
7223;"Stereo 33";1;160;"amenity";"bar";"2015-12-22";"2017-07-10";"{""type"":""Point"",""coordinates"":[13.4598398,52.5101616]}";"";""
7276;"U Spichernstraße";1;549;"railway";"subway_entrance";"2016-02-04";"2017-07-10";"{""type"":""Point"",""coordinates"":[13.3302693,52.4961165]}";"";""
7296;"U Augsburger Straße";1;549;"railway";"subway_entrance";"2015-12-23";"2017-07-10";"{""type"":""Point"",""coordinates"":[13.3358491,52.4995922]}";"";""
7369;"Thoben";1;24;"shop";"bakery";"2016-08-11";"2017-07-10";"{""type"":""Point"",""coordinates"":[13.4256897,52.4782506]}";"";""
7371;"Curry-Eck";1;165;"amenity";"fast_food";"2012-01-05";"2017-07-10";"{""type"":""Point"",""coordinates"":[13.4258229,52.4791796]}";"";""
7377;"ALDI";1;49;"shop";"supermarket";"2016-01-26";"2017-07-10";"{""type"":""Point"",""coordinates"":[13.4274975,52.4741002]}";"";""
7441;"Anjamos Friseur-Team";1;69;"shop";"hairdresser";"2015-12-31";"2017-07-10";"{""type"":""Point"",""coordinates"":[13.3856343,52.4476129]}";"";""
7446;"Berliner Bank";1;159;"amenity";"undefined";"2016-07-05";"2017-07-10";"{""type"":""Point"",""coordinates"":[13.3859031,52.4465015]}";"";""
7476;"Hermann Apotheke";1;204;"amenity";"pharmacy";"2015-02-04";"2017-07-10";"{""type"":""Point"",""coordinates"":[13.4316172,52.4665374]}";"";""
7551;"Runde Ecke";1;168;"amenity";"pub";"2012-12-25";"2017-07-10";"{""type"":""Point"",""coordinates"":[13.4378809,52.4552669]}";"";""
7591;"Il Pozzetto";1;169;"amenity";"restaurant";"2015-12-22";"2017-07-10";"{""type"":""Point"",""coordinates"":[13.3250972,52.521732]}";"";""
7609;"Maximilian";1;165;"amenity";"fast_food";"2014-06-27";"2017-07-10";"{""type"":""Point"",""coordinates"":[13.4707737,52.5310287]}";"";""
7640;"Rossmann";1;65;"shop";"chemist";"2015-05-26";"2017-07-10";"{""type"":""Point"",""coordinates"":[13.4226858,52.4915743]}";"";""
7672;"ReSales";1;157;"shop";"vacant";"2016-11-28";"2017-07-10";"{""type"":""Point"",""coordinates"":[13.4127637,52.5466982]}";"";""
7683;"Nationalgalerie/Hamburger Bahnhof";1;730;"man_made";"surveillance";"2012-09-23";"2017-07-10";"{""type"":""Point"",""coordinates"":[13.3726632,52.5282286]}";"";""
7750;"Peter-Anders-Straße";1;396;"public_transport";"stop_position";"2015-11-26";"2017-07-10";"{""type"":""Point"",""coordinates"":[13.4746808,52.463521]}";"";""
7764;"Berliner Volksbank";1;159;"amenity";"undefined";"2014-08-17";"2017-07-10";"{""type"":""Point"",""coordinates"":[13.3066086,52.5061749]}";"";""
7816;"Tedi";1;63;"shop";"variety_store";"2016-06-09";"2017-07-10";"{""type"":""Point"",""coordinates"":[13.457049,52.4424399]}";"";""
7856;"Alex Optik";1;75;"shop";"optician";"2016-05-31";"2017-07-10";"{""type"":""Point"",""coordinates"":[13.4434496,52.4797881]}";"";""
7957;"Die grüne Ecke";1;83;"shop";"florist";"2013-12-03";"2017-07-10";"{""type"":""Point"",""coordinates"":[13.3836307,52.455553]}";"";""
7978;"Netto Marken-Discount";1;49;"shop";"supermarket";"2015-12-26";"2017-07-10";"{""type"":""Point"",""coordinates"":[13.4337327,52.4850931]}";"";""
8020;"Hauptstraße/Rhinstraße";1;583;"highway";"bus_stop";"2015-12-27";"2017-07-10";"{""type"":""Point"",""coordinates"":[13.5049754,52.5489711]}";"";""
8036;"Steinshop";1;32;"shop";"convenience";"2012-03-21";"2017-07-10";"{""type"":""Point"",""coordinates"":[13.2855387,52.5885762]}";"";""
8099;"Society";1;160;"amenity";"bar";"2016-01-22";"2017-07-10";"{""type"":""Point"",""coordinates"":[13.6040719,52.5380648]}";"";""
8112;"Klinikum Neukölln";1;583;"highway";"bus_stop";"2015-12-08";"2017-07-10";"{""type"":""Point"",""coordinates"":[13.4581561,52.4399526]}";"";""
8124;"Steakrestaurant Rivado";1;169;"amenity";"restaurant";"2014-05-18";"2017-07-10";"{""type"":""Point"",""coordinates"":[13.4215367,52.4133986]}";"";""
8142;"Andreasstraße/Lange Straße";1;583;"highway";"bus_stop";"2016-06-29";"2017-07-10";"{""type"":""Point"",""coordinates"":[13.4310766,52.5123331]}";"";""
8167;"Kirchhainer Damm/Horstwalder Straße";1;583;"highway";"bus_stop";"2016-01-15";"2017-07-10";"{""type"":""Point"",""coordinates"":[13.4130734,52.3832192]}";"";""
8169;"Wesselburer Weg";1;583;"highway";"bus_stop";"2016-01-30";"2017-07-10";"{""type"":""Point"",""coordinates"":[13.2241478,52.6074981]}";"";""
8182;"Haselhorster Damm/Gartenfelder Straße";1;583;"highway";"bus_stop";"2016-10-29";"2017-07-10";"{""type"":""Point"",""coordinates"":[13.2402357,52.543086]}";"";""
8227;"Spechtstraße";1;583;"highway";"bus_stop";"2016-01-30";"2017-07-10";"{""type"":""Point"",""coordinates"":[13.2332559,52.5859166]}";"";""
8234;"Mühlenweg";1;583;"highway";"bus_stop";"2016-01-30";"2017-07-10";"{""type"":""Point"",""coordinates"":[13.2488003,52.5932598]}";"";""
8307;"Weinbrennerweg";1;583;"highway";"bus_stop";"2016-02-01";"2017-07-10";"{""type"":""Point"",""coordinates"":[13.3441947,52.5825076]}";"";""
8308;"Weinbrennerweg";1;396;"public_transport";"stop_position";"2016-02-01";"2017-07-10";"{""type"":""Point"",""coordinates"":[13.3441947,52.5825076]}";"";""
8317;"Mäckeritzwiesen";1;583;"highway";"bus_stop";"2016-07-03";"2017-07-10";"{""type"":""Point"",""coordinates"":[13.2696812,52.5499968]}";"";""
8347;"Coiffeur Murat";1;69;"shop";"hairdresser";"2012-01-22";"2017-07-10";"{""type"":""Point"",""coordinates"":[13.4332249,52.464473]}";"";""
8356;"Tiefenseer Straße";1;583;"highway";"bus_stop";"2016-01-31";"2017-07-10";"{""type"":""Point"",""coordinates"":[13.3635533,52.5971565]}";"";""
8424;"Briefkasten";1;243;"amenity";"post_box";"2016-08-01";"2017-07-10";"{""type"":""Point"",""coordinates"":[13.5541314,52.447651]}";"";""
8452;"Lahnstraße/U-Bahnhof Neukölln";1;396;"public_transport";"stop_position";"2016-08-13";"2017-07-10";"{""type"":""Point"",""coordinates"":[13.4424428,52.4677595]}";"";""
8468;"Windsteiner Weg";1;583;"highway";"bus_stop";"2016-01-23";"2017-07-10";"{""type"":""Point"",""coordinates"":[13.251611,52.411926]}";"";""
8483;"Von-Laue-Straße";1;396;"public_transport";"stop_position";"2016-03-26";"2017-07-10";"{""type"":""Point"",""coordinates"":[13.2885681,52.4437177]}";"";""
8549;"Zweigbibliothek Naturwissenschaften";1;172;"amenity";"library";"2015-12-13";"2017-07-10";"{""type"":""Point"",""coordinates"":[13.5314264,52.4310682]}";"";""
8550;"Askanierring";1;396;"public_transport";"stop_position";"2016-08-06";"2017-07-10";"{""type"":""Point"",""coordinates"":[13.1936563,52.5459059]}";"";""
8560;"KTM";1;118;"shop";"motorcycle";"2013-09-14";"2017-07-10";"{""type"":""Point"",""coordinates"":[13.5739135,52.4021134]}";"";""
8562;"Langhoffstraße";1;583;"highway";"bus_stop";"2016-04-08";"2017-07-10";"{""type"":""Point"",""coordinates"":[13.5428618,52.5343284]}";"";""
8563;"Langhoffstraße";1;396;"public_transport";"stop_position";"2016-04-08";"2017-07-10";"{""type"":""Point"",""coordinates"":[13.5428618,52.5343284]}";"";""
8602;"Darßer Straße/Piesporter Straße";1;583;"highway";"bus_stop";"2016-05-22";"2017-07-10";"{""type"":""Point"",""coordinates"":[13.4781242,52.5667181]}";"";""
8656;"An den Siedlergärten";1;583;"highway";"bus_stop";"2016-02-11";"2017-07-10";"{""type"":""Point"",""coordinates"":[13.6311456,52.5298094]}";"";""
8657;"Riesaer Straße";1;583;"highway";"bus_stop";"2015-12-30";"2017-07-10";"{""type"":""Point"",""coordinates"":[13.6236004,52.5295687]}";"";""
8658;"Riesaer Straße";1;396;"public_transport";"stop_position";"2015-12-30";"2017-07-10";"{""type"":""Point"",""coordinates"":[13.6236004,52.5295687]}";"";""
8689;"T-34";1;630;"historic";"undefined";"2014-04-12";"2017-07-10";"{""type"":""Point"",""coordinates"":[13.3725761,52.5162032]}";"";""
8709;"Gottfriedstraße";1;583;"highway";"bus_stop";"2016-02-10";"2017-07-10";"{""type"":""Point"",""coordinates"":[13.5206238,52.5536213]}";"";""
8720;"Siedlung Wartenberg";1;583;"highway";"bus_stop";"2014-08-27";"2017-07-10";"{""type"":""Point"",""coordinates"":[13.530784,52.583968]}";"";""
8769;"Genfenbergstraße";1;583;"highway";"bus_stop";"2016-07-09";"2017-07-10";"{""type"":""Point"",""coordinates"":[13.1976414,52.5176238]}";"";""
8779;"Café Morgenrot";1;163;"amenity";"cafe";"2016-10-05";"2017-07-10";"{""type"":""Point"",""coordinates"":[13.4088297,52.5375431]}";"";""
8785;"Commerzbank";1;159;"amenity";"undefined";"2014-09-01";"2017-07-10";"{""type"":""Point"",""coordinates"":[13.2970246,52.5106472]}";"";""
8817;"Schleusinger Straße";1;583;"highway";"bus_stop";"2015-12-23";"2017-07-10";"{""type"":""Point"",""coordinates"":[13.5635126,52.556306]}";"";""
8854;"Flachbecken";1;213;"amenity";"fountain";"2009-09-14";"2017-07-10";"{""type"":""Point"",""coordinates"":[13.2566792,52.5188216]}";"";""
8862;"U Mierendorffplatz";1;549;"railway";"subway_entrance";"2014-10-11";"2017-07-10";"{""type"":""Point"",""coordinates"":[13.3041928,52.5269341]}";"";""
8863;"Cafeteria TU Marchstraße";1;169;"amenity";"restaurant";"2016-03-18";"2017-07-10";"{""type"":""Point"",""coordinates"":[13.3234066,52.5166071]}";"";""
8893;"Charlottenstraße/Chausseestraße";1;583;"highway";"bus_stop";"2016-02-02";"2017-07-10";"{""type"":""Point"",""coordinates"":[13.1449642,52.4149443]}";"";""
9062;"Kiezkantine";1;169;"amenity";"restaurant";"2015-08-11";"2017-07-10";"{""type"":""Point"",""coordinates"":[13.4085542,52.5387906]}";"";""
9082;"LIDL";1;49;"shop";"supermarket";"2014-09-01";"2017-07-10";"{""type"":""Point"",""coordinates"":[13.2665658,52.4418135]}";"";""
9094;"McDonalds";1;165;"amenity";"fast_food";"2016-08-31";"2017-07-10";"{""type"":""Point"",""coordinates"":[13.2868824,52.5839577]}";"";""
9095;"Asado";1;169;"amenity";"restaurant";"2016-04-04";"2017-07-10";"{""type"":""Point"",""coordinates"":[13.3103493,52.5682073]}";"";""
9206;"Froschkönig";1;213;"amenity";"fountain";"2010-09-19";"2017-07-10";"{""type"":""Point"",""coordinates"":[13.4088688,52.5317309]}";"";""
9213;"U Hermannplatz/Urbanstraße";1;396;"public_transport";"stop_position";"2015-11-26";"2017-07-10";"{""type"":""Point"",""coordinates"":[13.424122,52.4883609]}";"";""
9282;"U Kaiserdamm";1;549;"railway";"subway_entrance";"2016-12-02";"2017-07-10";"{""type"":""Point"",""coordinates"":[13.2823134,52.5098377]}";"";""
9295;"Zwangsarbeiter- Denkmal";1;646;"historic";"memorial";"2009-10-17";"2017-07-10";"{""type"":""Point"",""coordinates"":[13.5425538,52.5490444]}";"";""
9296;"Bentschener Weg";1;583;"highway";"bus_stop";"2016-01-08";"2017-07-10";"{""type"":""Point"",""coordinates"":[13.5453036,52.5162302]}";"";""
9297;"Bentschener Weg";1;396;"public_transport";"stop_position";"2016-01-08";"2017-07-10";"{""type"":""Point"",""coordinates"":[13.5453036,52.5162302]}";"";""
9364;"WaschBar mit Stephanus-Shop";1;163;"amenity";"cafe";"2016-04-24";"2017-07-10";"{""type"":""Point"",""coordinates"":[13.5263564,52.456175]}";"";""
9366;"Stammtisch";1;168;"amenity";"pub";"2015-11-24";"2017-07-10";"{""type"":""Point"",""coordinates"":[13.517537,52.5059696]}";"";""
9369;"Lindencenter";1;192;"amenity";"parking";"2012-04-14";"2017-07-10";"{""type"":""Point"",""coordinates"":[13.5069343,52.5642042]}";"";""
9374;"Schule am Rathaus";1;174;"amenity";"school";"2016-07-21";"2017-07-10";"{""type"":""Point"",""coordinates"":[13.4809829,52.5155725]}";"";""
9376;"Netto Marken-Discount";1;49;"shop";"supermarket";"2016-02-27";"2017-07-10";"{""type"":""Point"",""coordinates"":[13.3350816,52.471662]}";"";""
9397;"Gehrenseestraße";1;396;"public_transport";"stop_position";"2015-12-27";"2017-07-10";"{""type"":""Point"",""coordinates"":[13.5092054,52.5502792]}";"";""
9420;"An der Stammbahn";1;583;"highway";"bus_stop";"2015-05-18";"2017-07-10";"{""type"":""Point"",""coordinates"":[13.2253988,52.4205422]}";"";""
9421;"An der Stammbahn";1;397;"public_transport";"platform";"2015-05-18";"2017-07-10";"{""type"":""Point"",""coordinates"":[13.2253988,52.4205422]}";"";""
9431;"Bundesanstalt für den Digitalfunk der Behörden und Organisationen mit Sicherheitsaufgaben (BDBOS)";1;374;"office";"government";"2016-05-18";"2017-07-10";"{""type"":""Point"",""coordinates"":[13.3149786,52.4895396]}";"";""
9441;"Alt-Moabit/Rathenower Straße";1;583;"highway";"bus_stop";"2016-05-12";"2017-07-10";"{""type"":""Point"",""coordinates"":[13.3569428,52.524053]}";"";""
9442;"Alt-Moabit/Rathenower Straße";1;396;"public_transport";"stop_position";"2016-05-12";"2017-07-10";"{""type"":""Point"",""coordinates"":[13.3569428,52.524053]}";"";""
9477;"Schieritzstraße";1;583;"highway";"bus_stop";"2016-05-21";"2017-07-10";"{""type"":""Point"",""coordinates"":[13.4377474,52.5459937]}";"";""
9510;"Red Dragon";1;165;"amenity";"fast_food";"2016-06-07";"2017-07-10";"{""type"":""Point"",""coordinates"":[13.4176598,52.5404356]}";"";""
9525;"Hochschule für Musik Hanns Eisler Berlin";1;170;"amenity";"college";"2015-11-19";"2017-07-10";"{""type"":""Point"",""coordinates"":[13.3908638,52.5135064]}";"";""
9528;"Penny";1;49;"shop";"supermarket";"2016-11-09";"2017-07-10";"{""type"":""Point"",""coordinates"":[13.4265489,52.480678]}";"";""
9537;"Am Birkenhügel";1;583;"highway";"bus_stop";"2016-09-25";"2017-07-10";"{""type"":""Point"",""coordinates"":[13.136794,52.411614]}";"";""
9555;"Nibelungenstraße";1;583;"highway";"bus_stop";"2016-11-06";"2017-07-10";"{""type"":""Point"",""coordinates"":[13.1809678,52.418648]}";"";""
9600;"Badeweg";1;583;"highway";"bus_stop";"2016-01-08";"2017-07-10";"{""type"":""Point"",""coordinates"":[13.1861324,52.4319471]}";"";""
9611;"Lindwerder";1;583;"highway";"bus_stop";"2016-12-24";"2017-07-10";"{""type"":""Point"",""coordinates"":[13.1966329,52.466903]}";"";""
9633;"Hard Rock Cafe Berlin";1;169;"amenity";"restaurant";"2016-04-27";"2017-07-10";"{""type"":""Point"",""coordinates"":[13.3295005,52.5030909]}";"";""
9648;"Zur alten Tram";1;165;"amenity";"fast_food";"2015-12-23";"2017-07-10";"{""type"":""Point"",""coordinates"":[13.5126687,52.4626241]}";"";""
9653;"Hotel ""Alte Feuerwache""";1;346;"tourism";"hotel";"2014-09-01";"2017-07-10";"{""type"":""Point"",""coordinates"":[13.494201,52.5459093]}";"";""
9660;"Silverado";1;169;"amenity";"restaurant";"2013-09-06";"2017-07-10";"{""type"":""Point"",""coordinates"":[13.4902572,52.5431423]}";"";""
9785;"ALDI";1;49;"shop";"supermarket";"2012-10-09";"2017-07-10";"{""type"":""Point"",""coordinates"":[13.4312004,52.5021469]}";"";""
9897;"Heinersdorfer Straße";1;583;"highway";"bus_stop";"2016-05-22";"2017-07-10";"{""type"":""Point"",""coordinates"":[13.4339718,52.5569032]}";"";""
9993;"SECO Kiezkneipe";1;168;"amenity";"pub";"2014-09-01";"2017-07-10";"{""type"":""Point"",""coordinates"":[13.494476,52.5446501]}";"";""
10039;"U Wittenbergplatz";1;583;"highway";"bus_stop";"2016-01-21";"2017-07-10";"{""type"":""Point"",""coordinates"":[13.3419797,52.5018683]}";"";""
10346;"Miraustraße";1;583;"highway";"bus_stop";"2016-02-01";"2017-07-10";"{""type"":""Point"",""coordinates"":[13.3092919,52.5837188]}";"";""
10422;"U Bismarckstraße";1;549;"railway";"subway_entrance";"2016-01-15";"2017-07-10";"{""type"":""Point"",""coordinates"":[13.3052602,52.5119307]}";"";""
11025;"Fulhamer Allee";1;583;"highway";"bus_stop";"2015-12-02";"2017-07-10";"{""type"":""Point"",""coordinates"":[13.4369398,52.4484689]}";"";""
11272;"Warmensteinacher Straße";1;583;"highway";"bus_stop";"2016-01-22";"2017-07-10";"{""type"":""Point"",""coordinates"":[13.4254065,52.4136306]}";"";""
11347;"Osteria dell Arte";1;169;"amenity";"restaurant";"2016-03-17";"2017-07-10";"{""type"":""Point"",""coordinates"":[13.3381275,52.5248544]}";"";""
11427;"Kebap King";1;165;"amenity";"fast_food";"2015-03-11";"2017-07-10";"{""type"":""Point"",""coordinates"":[13.2713812,52.5760052]}";"";""
11490;"Sony Style Store";1;105;"shop";"electronics";"2014-10-13";"2017-07-10";"{""type"":""Point"",""coordinates"":[13.3726735,52.5098057]}";"";""
11556;"Stubenrauchstraße/Springbornstraße";1;583;"highway";"bus_stop";"2015-12-15";"2017-07-10";"{""type"":""Point"",""coordinates"":[13.500206,52.4355875]}";"";""
11665;"Löwensteinring";1;583;"highway";"bus_stop";"2015-11-28";"2017-07-10";"{""type"":""Point"",""coordinates"":[13.4654801,52.4294894]}";"";""
11961;"Rumeyplan";1;583;"highway";"bus_stop";"2016-01-24";"2017-07-10";"{""type"":""Point"",""coordinates"":[13.3773221,52.4757714]}";"";""
12131;"Hair Melissa";1;69;"shop";"hairdresser";"2012-03-05";"2017-07-10";"{""type"":""Point"",""coordinates"":[13.3596743,52.5508881]}";"";""
12377;"Zur Haxe";1;169;"amenity";"restaurant";"2015-12-20";"2017-07-10";"{""type"":""Point"",""coordinates"":[13.4369044,52.5448075]}";"";""
12420;"Leghornweg";1;583;"highway";"bus_stop";"2016-02-21";"2017-07-10";"{""type"":""Point"",""coordinates"":[13.4840985,52.4066358]}";"";""
12421;"Leghornweg";1;396;"public_transport";"stop_position";"2016-02-21";"2017-07-10";"{""type"":""Point"",""coordinates"":[13.4840985,52.4066358]}";"";""
12469;"Walt-Disney-Grundschule";1;174;"amenity";"school";"2012-12-28";"2017-07-10";"{""type"":""Point"",""coordinates"":[13.4720645,52.4267401]}";"";""
12558;"Döner";1;165;"amenity";"fast_food";"2013-05-27";"2017-07-10";"{""type"":""Point"",""coordinates"":[13.5067054,52.4039095]}";"";""
12599;"aqua-nautic";1;120;"shop";"scuba_diving";"2015-12-26";"2017-07-10";"{""type"":""Point"",""coordinates"":[13.3129702,52.5034134]}";"";""
12738;"Trattoria Rossi";1;169;"amenity";"restaurant";"2016-03-13";"2017-07-10";"{""type"":""Point"",""coordinates"":[13.2947598,52.504238]}";"";""
12992;"Autogas Fernholz Apparat...";1;189;"amenity";"fuel";"2015-12-18";"2017-07-10";"{""type"":""Point"",""coordinates"":[13.2852,52.522]}";"";""
13138;"Pizza a Pezzi";1;169;"amenity";"restaurant";"2013-01-19";"2017-07-10";"{""type"":""Point"",""coordinates"":[13.4296757,52.488245]}";"";""
13419;"Leonardo Hotel Berlin";1;346;"tourism";"hotel";"2015-12-24";"2017-07-10";"{""type"":""Point"",""coordinates"":[13.3046531,52.5128662]}";"";""
13530;"Karthago";1;165;"amenity";"fast_food";"2016-03-24";"2017-07-10";"{""type"":""Point"",""coordinates"":[13.303638,52.507812]}";"";""
13908;"U Franz-Neumann-Platz";1;583;"highway";"bus_stop";"2016-02-01";"2017-07-10";"{""type"":""Point"",""coordinates"":[13.3637965,52.5644935]}";"";""
14027;"Brixplatz";1;583;"highway";"bus_stop";"2016-01-22";"2017-07-10";"{""type"":""Point"",""coordinates"":[13.256875,52.5189424]}";"";""
14311;"Adalberstraße";1;396;"public_transport";"stop_position";"2015-12-06";"2017-07-10";"{""type"":""Point"",""coordinates"":[13.4223052,52.5050757]}";"";""
14400;"Germanenstraße/Schirnerstraße";1;396;"public_transport";"stop_position";"2016-02-21";"2017-07-10";"{""type"":""Point"",""coordinates"":[13.5555737,52.4118533]}";"";""
14483;"Werderlake";1;583;"highway";"bus_stop";"2016-02-21";"2017-07-10";"{""type"":""Point"",""coordinates"":[13.5217123,52.4236555]}";"";""
14504;"Röblingstraße/Attilastraße";1;583;"highway";"bus_stop";"2016-01-18";"2017-07-10";"{""type"":""Point"",""coordinates"":[13.3664155,52.4497358]}";"";""
14543;"Panorama Apartment Berlin City Centre";1;344;"tourism";"guest_house";"2010-08-16";"2017-07-10";"{""type"":""Point"",""coordinates"":[13.4050159,52.5222761]}";"";""
14585;"39 Bar";1;168;"amenity";"pub";"2015-12-22";"2017-07-10";"{""type"":""Point"",""coordinates"":[13.4171159,52.5019816]}";"";""
14745;"Hertzstraße/Hauptstraße";1;583;"highway";"bus_stop";"2016-02-02";"2017-07-10";"{""type"":""Point"",""coordinates"":[13.3657491,52.5848954]}";"";""
14767;"Ria";1;197;"amenity";"bureau_de_change";"2015-12-22";"2017-07-10";"{""type"":""Point"",""coordinates"":[13.4180479,52.4999572]}";"";""
14878;"Club der polnischen Versager";1;168;"amenity";"pub";"2013-01-16";"2017-07-10";"{""type"":""Point"",""coordinates"":[13.3971717,52.5298409]}";"";""
15068;"Edeka";1;49;"shop";"supermarket";"2011-10-04";"2017-07-10";"{""type"":""Point"",""coordinates"":[13.4203811,52.3928926]}";"";""
15171;"Gersdorfstr./Kaiserstr.";1;583;"highway";"bus_stop";"2016-01-18";"2017-07-10";"{""type"":""Point"",""coordinates"":[13.374266,52.4448247]}";"";""
15288;"Am Langen Grund";1;396;"public_transport";"stop_position";"2016-11-19";"2017-07-10";"{""type"":""Point"",""coordinates"":[13.432527,52.3948748]}";"";""
15334;"Ingenieurbüro U. Gronowski";1;361;"office";"undefined";"2015-10-09";"2017-07-10";"{""type"":""Point"",""coordinates"":[13.3487926,52.5409645]}";"";""
15449;"Bhf. Buch";1;195;"amenity";"taxi";"2015-12-17";"2017-07-10";"{""type"":""Point"",""coordinates"":[13.4923865,52.6367098]}";"";""
15453;"BrotfabrikBühne";1;221;"amenity";"theatre";"2014-06-22";"2017-07-10";"{""type"":""Point"",""coordinates"":[13.4307318,52.5525607]}";"";""
15487;"Lebensmittel und Getränke";1;32;"shop";"convenience";"2015-02-06";"2017-07-10";"{""type"":""Point"",""coordinates"":[13.4083302,52.5533409]}";"";""
15779;"Loretta am Wannsee";1;169;"amenity";"restaurant";"2016-06-03";"2017-07-10";"{""type"":""Point"",""coordinates"":[13.1758302,52.419966]}";"";""
15869;"U Frankfurter Tor";1;583;"highway";"bus_stop";"2015-12-20";"2017-07-10";"{""type"":""Point"",""coordinates"":[13.4523065,52.5160922]}";"";""
15977;"Bagdad";1;165;"amenity";"fast_food";"2015-11-28";"2017-07-10";"{""type"":""Point"",""coordinates"":[13.4421693,52.5007079]}";"";""
15994;"U Fehrbelliner Platz";1;583;"highway";"bus_stop";"2016-01-22";"2017-07-10";"{""type"":""Point"",""coordinates"":[13.3138992,52.4901224]}";"";""
16180;"U Südstern";1;583;"highway";"bus_stop";"2015-12-12";"2017-07-10";"{""type"":""Point"",""coordinates"":[13.4081999,52.4888279]}";"";""
16183;"Norma";1;49;"shop";"supermarket";"2011-10-23";"2017-07-10";"{""type"":""Point"",""coordinates"":[13.3606387,52.4123187]}";"";""
16270;"Berliner Sparkasse";1;159;"amenity";"undefined";"2011-09-01";"2017-07-10";"{""type"":""Point"",""coordinates"":[13.3108093,52.4677116]}";"";""
16460;"Liberty Pizza";1;165;"amenity";"fast_food";"2015-02-04";"2017-07-10";"{""type"":""Point"",""coordinates"":[13.2578952,52.4357294]}";"";""
16524;"DER Reisebüro";1;156;"shop";"travel_agency";"2016-06-11";"2017-07-10";"{""type"":""Point"",""coordinates"":[13.2588514,52.4325104]}";"";""
16704;"Goodtime";1;169;"amenity";"restaurant";"2013-12-05";"2017-07-10";"{""type"":""Point"",""coordinates"":[13.2593298,52.4297765]}";"";""
16777;"S Rahnsdorf";1;396;"public_transport";"stop_position";"2016-02-23";"2017-07-10";"{""type"":""Point"",""coordinates"":[13.69093,52.4514425]}";"";""
16778;"S Rahnsdorf";1;527;"railway";"undefined";"2016-02-23";"2017-07-10";"{""type"":""Point"",""coordinates"":[13.69093,52.4514425]}";"";""
16881;"CARITAS Sozialstation";1;205;"amenity";"social_facility";"2012-12-08";"2017-07-10";"{""type"":""Point"",""coordinates"":[13.3624025,52.4164834]}";"";""
16888;"Mandarino Eiscafe";1;163;"amenity";"cafe";"2013-02-09";"2017-07-10";"{""type"":""Point"",""coordinates"":[13.5904435,52.5206974]}";"";""
17195;"U Alt-Mariendorf";1;549;"railway";"subway_entrance";"2016-01-07";"2017-07-10";"{""type"":""Point"",""coordinates"":[13.3874972,52.4386817]}";"";""
17208;"Barren";1;862;"sport";"gymnastics";"2011-02-07";"2017-07-10";"{""type"":""Point"",""coordinates"":[13.444081,52.5282334]}";"";""
17209;"Situp Bank";1;862;"sport";"gymnastics";"2011-02-07";"2017-07-10";"{""type"":""Point"",""coordinates"":[13.4406595,52.5273286]}";"";""
17718;"Daggis Einflug 1";1;168;"amenity";"pub";"2015-02-20";"2017-07-10";"{""type"":""Point"",""coordinates"":[13.3205113,52.5660453]}";"";""
17739;"Love Hotel";1;68;"shop";"erotic";"2016-08-08";"2017-07-10";"{""type"":""Point"",""coordinates"":[13.4040632,52.5273216]}";"";""
17884;"Cafe Niesen";1;163;"amenity";"cafe";"2015-06-07";"2017-07-10";"{""type"":""Point"",""coordinates"":[13.401221,52.5473831]}";"";""
17970;"St. Georg";1;215;"amenity";"nightclub";"2011-11-02";"2017-07-10";"{""type"":""Point"",""coordinates"":[13.4079877,52.5028263]}";"";""
18138;"Hausverwaltung Sandra Braunwald";1;371;"office";"estate_agent";"2014-05-24";"2017-07-10";"{""type"":""Point"",""coordinates"":[13.3506174,52.5396224]}";"";""
18246;"Cafe Bistro Südpol Express";1;165;"amenity";"fast_food";"2015-10-03";"2017-07-10";"{""type"":""Point"",""coordinates"":[13.5114069,52.4547589]}";"";""
18375;"Roeckl";1;52;"shop";"boutique";"2014-09-01";"2017-07-10";"{""type"":""Point"",""coordinates"":[13.3270794,52.5026616]}";"";""
18631;"Café Laelia";1;163;"amenity";"cafe";"2015-11-01";"2017-07-10";"{""type"":""Point"",""coordinates"":[13.4344832,52.5370996]}";"";""
18664;"Ristorante Galileo";1;169;"amenity";"restaurant";"2015-12-22";"2017-07-10";"{""type"":""Point"",""coordinates"":[13.2878293,52.4527994]}";"";""
18777;"Miss Marple";1;137;"shop";"books";"2015-12-22";"2017-07-10";"{""type"":""Point"",""coordinates"":[13.3110276,52.507415]}";"";""
18907;"Koriat Kuchenmanufaktur";1;31;"shop";"confectionery";"2012-03-25";"2017-07-10";"{""type"":""Point"",""coordinates"":[13.4348513,52.4905612]}";"";""
19101;"Selmani Bäckerei & Konditorei Café";1;24;"shop";"bakery";"2015-09-01";"2017-07-10";"{""type"":""Point"",""coordinates"":[13.2946805,52.5135742]}";"";""
19102;"Selmani Bäckerei & Konditorei Café";1;163;"amenity";"cafe";"2015-09-01";"2017-07-10";"{""type"":""Point"",""coordinates"":[13.2946805,52.5135742]}";"";""
19110;"Boelcke’s Kleines Gasthaus";1;168;"amenity";"pub";"2012-10-23";"2017-07-10";"{""type"":""Point"",""coordinates"":[13.3770615,52.482515]}";"";""
19155;"Petra Steinbiß Blumenoase";1;83;"shop";"florist";"2014-09-01";"2017-07-10";"{""type"":""Point"",""coordinates"":[13.4519352,52.4889418]}";"";""
19185;"Jack Kruschke";1;646;"historic";"memorial";"2014-09-01";"2017-07-10";"{""type"":""Point"",""coordinates"":[13.3322639,52.470661]}";"";""
19254;"Bhf. Marzahn";1;195;"amenity";"taxi";"2016-05-07";"2017-07-10";"{""type"":""Point"",""coordinates"":[13.5427415,52.5433842]}";"";""
19258;"Debis";1;195;"amenity";"taxi";"2013-06-03";"2017-07-10";"{""type"":""Point"",""coordinates"":[13.3732554,52.5057163]}";"";""
19259;"Krankenhaus Oskar-Ziethen";1;195;"amenity";"taxi";"2015-12-11";"2017-07-10";"{""type"":""Point"",""coordinates"":[13.4950289,52.5141092]}";"";""
19262;"Europa Center";1;195;"amenity";"taxi";"2015-08-24";"2017-07-10";"{""type"":""Point"",""coordinates"":[13.3382465,52.5037134]}";"";""
19263;"Elsterwerder Platz";1;195;"amenity";"taxi";"2015-12-07";"2017-07-10";"{""type"":""Point"",""coordinates"":[13.5607978,52.5060292]}";"";""
19280;"Hotel Schweizerhof";1;195;"amenity";"taxi";"2013-06-01";"2017-07-10";"{""type"":""Point"",""coordinates"":[13.3437507,52.5061292]}";"";""
19420;"Eichgestell";1;540;"railway";"halt";"2016-03-29";"2017-07-10";"{""type"":""Point"",""coordinates"":[13.5524225,52.4595129]}";"";""
19479;"Pizzeria Laila";1;169;"amenity";"restaurant";"2016-02-17";"2017-07-10";"{""type"":""Point"",""coordinates"":[13.4007103,52.4946966]}";"";""
19494;"Fix foto";1;131;"shop";"photo";"2015-12-31";"2017-07-10";"{""type"":""Point"",""coordinates"":[13.2021844,52.5366077]}";"";""
19526;"Postbank Finanzberatung";1;159;"amenity";"undefined";"2014-05-30";"2017-07-10";"{""type"":""Point"",""coordinates"":[13.2044071,52.5369865]}";"";""
19648;"Prinzenallee/Soldiner Straße";1;583;"highway";"bus_stop";"2016-01-08";"2017-07-10";"{""type"":""Point"",""coordinates"":[13.3856375,52.5589232]}";"";""
19725;"super 10 haircompany";1;69;"shop";"hairdresser";"2014-06-27";"2017-07-10";"{""type"":""Point"",""coordinates"":[13.4172152,52.5121818]}";"";""
19846;"Schnell & Sauber";1;148;"shop";"laundry";"2012-05-03";"2017-07-10";"{""type"":""Point"",""coordinates"":[13.4894331,52.5422291]}";"";""
20038;"Landschaftsfriedhof Gatow";1;583;"highway";"bus_stop";"2016-02-05";"2017-07-10";"{""type"":""Point"",""coordinates"":[13.1528606,52.4983409]}";"";""
20039;"Landschaftsfriedhof Gatow";1;396;"public_transport";"stop_position";"2016-02-05";"2017-07-10";"{""type"":""Point"",""coordinates"":[13.1528606,52.4983409]}";"";""
20154;"Köllnischer Platz";1;583;"highway";"bus_stop";"2015-12-15";"2017-07-10";"{""type"":""Point"",""coordinates"":[13.568239,52.4446969]}";"";""
20240;"Café Délice";1;24;"shop";"bakery";"2011-08-04";"2017-07-10";"{""type"":""Point"",""coordinates"":[13.1974988,52.5323231]}";"";""
20384;"Tchibo";1;30;"shop";"coffee";"2016-11-17";"2017-07-10";"{""type"":""Point"",""coordinates"":[13.3197621,52.4580081]}";"";""
20388;"e-plus";1;107;"shop";"mobile_phone";"2015-10-11";"2017-07-10";"{""type"":""Point"",""coordinates"":[13.3203288,52.4575148]}";"";""
20637;"Steakhaus Nonnendamm";1;169;"amenity";"restaurant";"2014-10-22";"2017-07-10";"{""type"":""Point"",""coordinates"":[13.2659017,52.5369427]}";"";""
21042;"Deutsche Bischofskonferenz";1;192;"amenity";"parking";"2011-12-27";"2017-07-10";"{""type"":""Point"",""coordinates"":[13.3848583,52.5270154]}";"";""
21122;"Meyerbeer Coffee";1;163;"amenity";"cafe";"2012-11-18";"2017-07-10";"{""type"":""Point"",""coordinates"":[13.373761,52.5059098]}";"";""
21160;"Piazza del Alexa";1;169;"amenity";"restaurant";"2014-11-05";"2017-07-10";"{""type"":""Point"",""coordinates"":[13.4154515,52.5180007]}";"";""
21371;"Paul Ziege";1;646;"historic";"memorial";"2014-09-01";"2017-07-10";"{""type"":""Point"",""coordinates"":[13.348166,52.4926268]}";"";""
21627;"Rises Delicacies";1;33;"shop";"deli";"2016-01-08";"2017-07-10";"{""type"":""Point"",""coordinates"":[13.400218,52.533037]}";"";""
21648;"ETL Berlin";1;378;"office";"lawyer";"2016-03-01";"2017-07-10";"{""type"":""Point"",""coordinates"":[13.3891301,52.5085755]}";"";""
21663;"Park-Apotheke Mariendorf";1;204;"amenity";"pharmacy";"2016-03-23";"2017-07-10";"{""type"":""Point"",""coordinates"":[13.3863106,52.4422719]}";"";""
21753;"Zentrum für Biotechnologie und Umwelt I (ZBU)";1;400;"building";"undefined";"2013-01-27";"2017-07-10";"{""type"":""Point"",""coordinates"":[13.5371169,52.4297394]}";"";""
21807;"Lion";1;24;"shop";"bakery";"2015-02-03";"2017-07-10";"{""type"":""Point"",""coordinates"":[13.3394052,52.4328561]}";"";""
22010;"Lindenberger Weg/Stadtgrenze";1;583;"highway";"bus_stop";"2016-02-09";"2017-07-10";"{""type"":""Point"",""coordinates"":[13.5071486,52.6276998]}";"";""
22028;"House of Clouds";1;163;"amenity";"cafe";"2015-11-16";"2017-07-10";"{""type"":""Point"",""coordinates"":[13.3352289,52.5310918]}";"";""
22262;"La Malga";1;169;"amenity";"restaurant";"2016-08-18";"2017-07-10";"{""type"":""Point"",""coordinates"":[13.3159022,52.4399118]}";"";""
22448;"Frosch & Königin";1;53;"shop";"clothes";"2012-03-04";"2017-07-10";"{""type"":""Point"",""coordinates"":[13.4076814,52.5237363]}";"";""
22453;"Krössel";1;56;"shop";"jewelry";"2014-05-07";"2017-07-10";"{""type"":""Point"",""coordinates"":[13.3561658,52.5477819]}";"";""
22753;"Berliner Rathaus";1;583;"highway";"bus_stop";"2015-11-29";"2017-07-10";"{""type"":""Point"",""coordinates"":[13.4095784,52.5164878]}";"";""
22754;"Berliner Rathaus";1;396;"public_transport";"stop_position";"2015-11-29";"2017-07-10";"{""type"":""Point"",""coordinates"":[13.4095784,52.5164878]}";"";""
22896;"FIGARO";1;69;"shop";"hairdresser";"2016-03-31";"2017-07-10";"{""type"":""Point"",""coordinates"":[13.5429595,52.436166]}";"";""
23000;"Malcha Gutmann";1;646;"historic";"memorial";"2015-12-20";"2017-07-10";"{""type"":""Point"",""coordinates"":[13.4235533,52.5412459]}";"";""
23427;"Schrainer House";1;250;"amenity";"shelter";"2012-05-22";"2017-07-10";"{""type"":""Point"",""coordinates"":[13.515705,52.518114]}";"";""
23455;"Erika Goldberg";1;646;"historic";"memorial";"2014-02-05";"2017-07-10";"{""type"":""Point"",""coordinates"":[13.4107886,52.5058799]}";"";""
23531;"Paul Rosshändler";1;646;"historic";"memorial";"2015-12-20";"2017-07-10";"{""type"":""Point"",""coordinates"":[13.4197907,52.5255824]}";"";""
24248;"Alt-Kladow";1;583;"highway";"bus_stop";"2016-10-29";"2017-07-10";"{""type"":""Point"",""coordinates"":[13.1439962,52.4536604]}";"";""
24547;"S Wollankstraße/Sternstraße";1;583;"highway";"bus_stop";"2016-02-09";"2017-07-10";"{""type"":""Point"",""coordinates"":[13.3911089,52.5654996]}";"";""
25420;"Kickbox Team Polzfuss e.V.";1;825;"sport";"undefined";"2012-09-14";"2017-07-10";"{""type"":""Point"",""coordinates"":[13.3102745,52.4902112]}";"";""
25441;"Container Toiletten";1;254;"amenity";"toilets";"2012-11-02";"2017-07-10";"{""type"":""Point"",""coordinates"":[13.1633418,52.5476264]}";"";""
25443;"Yuki Espresso Bar + Café";1;163;"amenity";"cafe";"2016-10-28";"2017-07-10";"{""type"":""Point"",""coordinates"":[13.4528697,52.5025539]}";"";""
25753;"Touristinformation";1;347;"tourism";"information";"2012-09-26";"2017-07-10";"{""type"":""Point"",""coordinates"":[13.2635254,52.4026196]}";"";""
25784;"EKT - Pumuckel e.V. Kila II";1;171;"amenity";"kindergarten";"2015-12-29";"2017-07-10";"{""type"":""Point"",""coordinates"":[13.2996783,52.5095428]}";"";""
25919;"Fielmann";1;75;"shop";"optician";"2015-12-25";"2017-07-10";"{""type"":""Point"",""coordinates"":[13.3063174,52.5086053]}";"";""
25956;"Hochschule für Wirtschaft, Technik und Kultur";1;170;"amenity";"college";"2013-01-16";"2017-07-10";"{""type"":""Point"",""coordinates"":[13.3890462,52.5113887]}";"";""
26043;"Zeltinger Platz";1;396;"public_transport";"stop_position";"2016-01-31";"2017-07-10";"{""type"":""Point"",""coordinates"":[13.2917021,52.6335375]}";"";""
26277;"Döner 76";1;165;"amenity";"fast_food";"2016-05-20";"2017-07-10";"{""type"":""Point"",""coordinates"":[13.3440717,52.5552262]}";"";""
26368;"Resfacta";1;176;"amenity";"driving_school";"2015-07-10";"2017-07-10";"{""type"":""Point"",""coordinates"":[13.476743,52.5025986]}";"";""
26439;"Dr. med. Heidrun Höppner";1;201;"amenity";"doctors";"2016-01-02";"2017-07-10";"{""type"":""Point"",""coordinates"":[13.541783,52.5276577]}";"";""
26492;"Spirit of Hockey";1;22;"shop";"undefined";"2013-04-03";"2017-07-10";"{""type"":""Point"",""coordinates"":[13.482058,52.5387733]}";"";""
26493;"Hoeppnerstraße";1;396;"public_transport";"stop_position";"2016-01-18";"2017-07-10";"{""type"":""Point"",""coordinates"":[13.3734057,52.4728294]}";"";""
26502;"Chicken World";1;165;"amenity";"fast_food";"2016-11-19";"2017-07-10";"{""type"":""Point"",""coordinates"":[13.4587342,52.4316026]}";"";""
26612;"Hermann-Dorner-Allee";1;583;"highway";"bus_stop";"2016-01-02";"2017-07-10";"{""type"":""Point"",""coordinates"":[13.5277576,52.4370568]}";"";""
26714;"Segor electronics";1;105;"shop";"electronics";"2016-12-12";"2017-07-10";"{""type"":""Point"",""coordinates"":[13.3126597,52.5255875]}";"";""
26771;"U Kaiserin-Augusta-Straße";1;549;"railway";"subway_entrance";"2015-12-18";"2017-07-10";"{""type"":""Point"",""coordinates"":[13.3840619,52.4594476]}";"";""
26821;"Michelangelostraße";1;583;"highway";"bus_stop";"2016-01-09";"2017-07-10";"{""type"":""Point"",""coordinates"":[13.452318,52.5418388]}";"";""
26961;"Muna";1;169;"amenity";"restaurant";"2016-09-10";"2017-07-10";"{""type"":""Point"",""coordinates"":[13.3401952,52.4478977]}";"";""
26984;"Pizzeria Da Luma";1;169;"amenity";"restaurant";"2016-06-09";"2017-07-10";"{""type"":""Point"",""coordinates"":[13.3444804,52.531259]}";"";""
27028;"Potsdamer Chaussee/Lindenthaler Allee";1;583;"highway";"bus_stop";"2016-11-04";"2017-07-10";"{""type"":""Point"",""coordinates"":[13.2284385,52.4304486]}";"";""
27500;"Gitarren & Saxophone";1;130;"shop";"musical_instrument";"2013-03-02";"2017-07-10";"{""type"":""Point"",""coordinates"":[13.3872868,52.5064161]}";"";""
27685;"Staatsoper";1;195;"amenity";"taxi";"2015-03-01";"2017-07-10";"{""type"":""Point"",""coordinates"":[13.3945929,52.5172847]}";"";""
27823;"Allianz-Generalvertretung";1;376;"office";"insurance";"2015-12-12";"2017-07-10";"{""type"":""Point"",""coordinates"":[13.5582022,52.5558947]}";"";""
27842;"Depot";1;99;"shop";"interior_decoration";"2016-02-01";"2017-07-10";"{""type"":""Point"",""coordinates"":[13.5958837,52.5491979]}";"";""
27887;"Augenoptik";1;75;"shop";"optician";"2013-04-13";"2017-07-10";"{""type"":""Point"",""coordinates"":[13.3222676,52.4869917]}";"";""
27953;"Steakhaus Don Castillo";1;169;"amenity";"restaurant";"2016-03-29";"2017-07-10";"{""type"":""Point"",""coordinates"":[13.517915,52.568614]}";"";""
27981;"Max Habermann";1;646;"historic";"memorial";"2014-02-05";"2017-07-10";"{""type"":""Point"",""coordinates"":[13.3168906,52.4262409]}";"";""
28198;"Herman Belgian Bar";1;160;"amenity";"bar";"2016-12-11";"2017-07-10";"{""type"":""Point"",""coordinates"":[13.4121437,52.532439]}";"";""
28275;"Cafe Enitos";1;214;"amenity";"gambling";"2016-08-06";"2017-07-10";"{""type"":""Point"",""coordinates"":[13.3668241,52.5518349]}";"";""
28340;"mientus";1;53;"shop";"clothes";"2016-07-15";"2017-07-10";"{""type"":""Point"",""coordinates"":[13.3075047,52.5033077]}";"";""
28468;"Steinecke Brotmeisterei";1;24;"shop";"bakery";"2015-12-22";"2017-07-10";"{""type"":""Point"",""coordinates"":[13.3220005,52.4556682]}";"";""
28561;"Strauss";1;98;"shop";"furniture";"2016-05-17";"2017-07-10";"{""type"":""Point"",""coordinates"":[13.3229749,52.502388]}";"";""
28834;"Kaiserdiele";1;163;"amenity";"cafe";"2014-09-10";"2017-07-10";"{""type"":""Point"",""coordinates"":[13.3213333,52.4726948]}";"";""
28858;"Taverna ""Der Grieche""";1;169;"amenity";"restaurant";"2015-12-13";"2017-07-10";"{""type"":""Point"",""coordinates"":[13.6273036,52.4466639]}";"";""
28862;"Butter Lindner";1;33;"shop";"deli";"2016-06-10";"2017-07-10";"{""type"":""Point"",""coordinates"":[13.2924244,52.4965281]}";"";""
28942;"denns Biomarkt";1;49;"shop";"supermarket";"2016-12-06";"2017-07-10";"{""type"":""Point"",""coordinates"":[13.4040817,52.5403049]}";"";""
29157;"Kabarett Knieriem";1;221;"amenity";"theatre";"2015-08-18";"2017-07-10";"{""type"":""Point"",""coordinates"":[13.6000868,52.4744133]}";"";""
29389;"Zopf&Ponny";1;69;"shop";"hairdresser";"2016-03-11";"2017-07-10";"{""type"":""Point"",""coordinates"":[13.5097892,52.5512775]}";"";""
29589;"dopo_domani";1;98;"shop";"furniture";"2015-12-22";"2017-07-10";"{""type"":""Point"",""coordinates"":[13.3243072,52.505552]}";"";""
29646;"Elvan";1;24;"shop";"bakery";"2013-09-29";"2017-07-10";"{""type"":""Point"",""coordinates"":[13.3325366,52.4788366]}";"";""
29810;"Reformhaus Mörike";1;49;"shop";"supermarket";"2015-12-13";"2017-07-10";"{""type"":""Point"",""coordinates"":[13.4879489,52.466097]}";"";""